dataset_type,size,Bubble Sort,Selection Sort,Insertion Sort,Merge Sort
random,1000,0.0200816000578925,0.00907339999685064,0.009368799976073205,0.0009684999822638929
random,5000,0.502272300014738,0.21121939999284223,0.22226589999627322,0.005577199975959957
random,10000,5.082699800026603,2.053405499958899,1.6178932000184432,0.011803600005805492
random,50000,61.17918619996635,23.64485139999306,27.00687369995285,0.07313350000185892
sorted,1000,2.600002335384488e-05,0.009422600036486983,4.700000863522291e-05,0.0008292000275105238
sorted,5000,0.0001238000113517046,0.20540490001440048,0.0002169000217691064,0.004958599980454892
sorted,10000,0.0006886000046506524,1.4292427999898791,0.00046519999159500003,0.011705300014000386
sorted,50000,0.0012729000300168991,29.282055800023954,0.0025952999712899327,0.06946410000091419
reverse_sorted,1000,0.025754100002814084,0.009278200042899698,0.01854650001041591,0.0008307999814860523
reverse_sorted,5000,0.6573184999870136,0.2248566999915056,0.44811090000439435,0.005028799991123378
reverse_sorted,10000,3.6950638000271283,1.403478400025051,2.299153200001456,0.011158800043631345
reverse_sorted,50000,79.5162674000021,28.027439199970104,52.95174190000398,0.06314639997435734
partially_sorted,1000,0.012406800000462681,0.008972399984486401,0.0012207000399939716,0.0008885999559424818
partially_sorted,5000,0.4450339000322856,0.45659560000058264,0.04679009999381378,0.011702299991156906
partially_sorted,10000,1.483773099957034,0.916804599983152,0.12486260000150651,0.011374000052455813
partially_sorted,50000,40.89285200001905,26.268812099995557,3.2474877999629825,0.0819029999547638
