dataset_type,algorithm,seconds_1000,seconds_50000,size_ratio,time_ratio
partially_sorted,Bubble Sort,0.012406800000462681,40.89285200001905,50,3296.003159436281
partially_sorted,Insertion Sort,0.0012207000399939716,3.2474877999629825,50,2660.3487290612525
partially_sorted,Merge Sort,0.0008885999559424818,0.0819029999547638,50,92.17083503891745
partially_sorted,Selection Sort,0.008972399984486401,26.268812099995557,50,2927.7352932788626
random,Bubble Sort,0.0200816000578925,61.17918619996635,50,3046.529460978963
random,Insertion Sort,0.009368799976073205,27.00687369995285,50,2882.639587665995
random,Merge Sort,0.0009684999822638929,0.07313350000185892,50,75.51213354790936
random,Selection Sort,0.00907339999685064,23.64485139999306,50,2605.9527198404285
reverse_sorted,Bubble Sort,0.025754100002814084,79.5162674000021,50,3087.518779196849
reverse_sorted,Insertion Sort,0.01854650001041591,52.95174190000398,50,2855.0800350613713
reverse_sorted,Merge Sort,0.0008307999814860523,0.06314639997435734,50,76.00674215399879
reverse_sorted,Selection Sort,0.009278200042899698,28.027439199970104,50,3020.78410363857
sorted,Bubble Sort,2.600002335384488e-05,0.0012729000300168991,50,48.95764948721335
sorted,Insertion Sort,4.700000863522291e-05,0.0025952999712899327,50,55.219138180007775
sorted,Merge Sort,0.0008292000275105238,0.06946410000091419,50,83.7724284808138
sorted,Selection Sort,0.009422600036486983,29.282055800023954,50,3107.6407452970006
