algorithm,dataset_type,size,trial,seed,execution_time_seconds,valid
Bubble Sort,random,1000,1,1506,0.020344099961221218,True
Selection Sort,random,1000,1,1506,0.00917409994872287,True
Insertion Sort,random,1000,1,1506,0.009670100000221282,True
Merge Sort,random,1000,1,1506,0.0009854999952949584,True
Bubble Sort,sorted,1000,1,1506,2.640002639964223e-05,True
Selection Sort,sorted,1000,1,1506,0.009705100033897907,True
Insertion Sort,sorted,1000,1,1506,4.630000330507755e-05,True
Merge Sort,sorted,1000,1,1506,0.0008412000024691224,True
Bubble Sort,reverse_sorted,1000,1,1506,0.026760299981106073,True
Selection Sort,reverse_sorted,1000,1,1506,0.008706299995537847,True
Insertion Sort,reverse_sorted,1000,1,1506,0.018104199960362166,True
Merge Sort,reverse_sorted,1000,1,1506,0.0008429000154137611,True
Bubble Sort,partially_sorted,1000,1,1506,0.012542699987534434,True
Selection Sort,partially_sorted,1000,1,1506,0.00846889999229461,True
Insertion Sort,partially_sorted,1000,1,1506,0.0012085000053048134,True
Merge Sort,partially_sorted,1000,1,1506,0.0008811000152491033,True
Bubble Sort,random,5000,1,5506,0.504720900033135,True
Selection Sort,random,5000,1,5506,0.20807700004661456,True
Insertion Sort,random,5000,1,5506,0.22416449995944276,True
Merge Sort,random,5000,1,5506,0.006612900004256517,True
Bubble Sort,sorted,5000,1,5506,0.00020180002320557833,True
Selection Sort,sorted,5000,1,5506,0.20814580004662275,True
Insertion Sort,sorted,5000,1,5506,0.00021670002024620771,True
Merge Sort,sorted,5000,1,5506,0.004773799970280379,True
Bubble Sort,reverse_sorted,5000,1,5506,0.6495010000071488,True
Selection Sort,reverse_sorted,5000,1,5506,0.21989860001485795,True
Insertion Sort,reverse_sorted,5000,1,5506,0.4440618999651633,True
Merge Sort,reverse_sorted,5000,1,5506,0.00496329995803535,True
Bubble Sort,partially_sorted,5000,1,5506,0.32360160001553595,True
Selection Sort,partially_sorted,5000,1,5506,0.2073761000065133,True
Insertion Sort,partially_sorted,5000,1,5506,0.028299500001594424,True
Merge Sort,partially_sorted,5000,1,5506,0.005306200007908046,True
Bubble Sort,random,10000,1,10506,2.059065699984785,True
Selection Sort,random,10000,1,10506,0.8193450999679044,True
Insertion Sort,random,10000,1,10506,0.8927882999996655,True
Merge Sort,random,10000,1,10506,0.011826999951153994,True
Bubble Sort,sorted,10000,1,10506,0.0002468000166118145,True
Selection Sort,sorted,10000,1,10506,0.8160354999708943,True
Insertion Sort,sorted,10000,1,10506,0.00043840002035722136,True
Merge Sort,sorted,10000,1,10506,0.010243199998512864,True
Bubble Sort,reverse_sorted,10000,1,10506,2.659760100010317,True
Selection Sort,reverse_sorted,10000,1,10506,0.8783567999489605,True
Insertion Sort,reverse_sorted,10000,1,10506,1.7936992999748327,True
Merge Sort,reverse_sorted,10000,1,10506,0.010583499970380217,True
Bubble Sort,partially_sorted,10000,1,10506,1.288197600049898,True
Selection Sort,partially_sorted,10000,1,10506,0.8244825000292622,True
Insertion Sort,partially_sorted,10000,1,10506,0.11470249999547377,True
Merge Sort,partially_sorted,10000,1,10506,0.011321199999656528,True
Bubble Sort,random,50000,1,50506,61.10215839999728,True
Selection Sort,random,50000,1,50506,44.831766699964646,True
Insertion Sort,random,50000,1,50506,57.37380010000197,True
Merge Sort,random,50000,1,50506,0.1291691999649629,True
Bubble Sort,sorted,50000,1,50506,0.002140800002962351,True
Selection Sort,sorted,50000,1,50506,47.109173899982125,True
Insertion Sort,sorted,50000,1,50506,0.003647000005003065,True
Merge Sort,sorted,50000,1,50506,0.11515949998283759,True
Bubble Sort,reverse_sorted,50000,1,50506,3927.5729378999677,True
Selection Sort,reverse_sorted,50000,1,50506,45.47646190004889,True
Insertion Sort,reverse_sorted,50000,1,50506,101.92096939997282,True
Merge Sort,reverse_sorted,50000,1,50506,0.11739779997151345,True
Bubble Sort,partially_sorted,50000,1,50506,77.59002810000675,True
Selection Sort,partially_sorted,50000,1,50506,49.473286299966276,True
Insertion Sort,partially_sorted,50000,1,50506,6.258163299993612,True
Merge Sort,partially_sorted,50000,1,50506,0.12843339995015413,True
