algorithm,dataset_type,size,trial,seed,execution_time_seconds,valid
Bubble Sort,random,10,1,516,7.599999662488699e-06,True
Selection Sort,random,10,1,516,4.4000043999403715e-06,True
Insertion Sort,random,10,1,516,3.6999990697950125e-06,True
Merge Sort,random,10,1,516,9.90001717582345e-06,True
Bubble Sort,sorted,10,1,516,1.100008375942707e-06,True
Selection Sort,sorted,10,1,516,1.8999853637069464e-06,True
Insertion Sort,sorted,10,1,516,9.999785106629133e-07,True
Merge Sort,sorted,10,1,516,5.099980626255274e-06,True
Bubble Sort,reverse_sorted,10,1,516,3.4999975468963385e-06,True
Selection Sort,reverse_sorted,10,1,516,2.0999868866056204e-06,True
Insertion Sort,reverse_sorted,10,1,516,4.0000013541430235e-06,True
Merge Sort,reverse_sorted,10,1,516,6.89999433234334e-06,True
Bubble Sort,partially_sorted,10,1,516,1.0999792721122503e-06,True
Selection Sort,partially_sorted,10,1,516,1.800013706088066e-06,True
Insertion Sort,partially_sorted,10,1,516,8.00006091594696e-07,True
Merge Sort,partially_sorted,10,1,516,4.6000059228390455e-06,True
Bubble Sort,random,100,1,606,0.00020939999376423657,True
Selection Sort,random,100,1,606,9.819999104365706e-05,True
Insertion Sort,random,100,1,606,0.00010309999925084412,True
Merge Sort,random,100,1,606,7.310000364668667e-05,True
Bubble Sort,sorted,100,1,606,2.6999914553016424e-06,True
Selection Sort,sorted,100,1,606,8.719999459572136e-05,True
Insertion Sort,sorted,100,1,606,4.799978341907263e-06,True
Merge Sort,sorted,100,1,606,5.9699988923966885e-05,True
Bubble Sort,reverse_sorted,100,1,606,0.00025079998886212707,True
Selection Sort,reverse_sorted,100,1,606,9.569997200742364e-05,True
Insertion Sort,reverse_sorted,100,1,606,0.00018370000179857016,True
Merge Sort,reverse_sorted,100,1,606,6.340001709759235e-05,True
Bubble Sort,partially_sorted,100,1,606,0.00012770001194439828,True
Selection Sort,partially_sorted,100,1,606,9.640000644139946e-05,True
Insertion Sort,partially_sorted,100,1,606,2.2799998987466097e-05,True
Merge Sort,partially_sorted,100,1,606,6.469999789260328e-05,True
